Model,Dataset,Loss,Iou,Dice,Accuracy,Sensitivity,Precision,F1_score
unet,7765409,0.6607682755589486,0.08763012886047364,0.20649348970631023,0.9981677913665772,0.9836233808750281,0.9939975778858163,0.9887411097115966
unet_resnet,4940017,0.005996414195979014,0.9696611949801445,0.9784618879131954,0.9973312954928466,0.9787063648293052,0.9897064306494333,0.9841327116216876
attention_gate_unet, 19164525, 0.0029091655742377043, 0.9840644866228103, 0.9892107220522552, 0.9986838817596435, 0.9892518147699044, 0.9948788532049124, 0.992049704980993