Model,Dataset,Epoch,accuracy,precision,sensitivity,specificity,f1_score,meaniou,fwiou,iou,dice,hd
UNet,isbicell,40,0.9213396708170573,0.9515645427251095,0.9481726974813993,0.8218022791596266,0.9498139678929517,0.7968857626356476,0.8592692900006621,0.9046492181900367,0.9498139678929517,10.190840163727346
