Model,Dataset,Loss,Iou,Dice,Accuracy,Sensitivity,Precision,F1_score
unet,7765409,0.6607682755589486,0.08763012886047364,0.20649348970631023,0.9981677913665772,0.9836233808750281,0.9939975778858163,0.9887411097115966
unet_resnet,4940017,0.005996414195979014,0.9696611949801445,0.9784618879131954,0.9973312954928466,0.9787063648293052,0.9897064306494333,0.9841327116216876
attention_gate_unet, 19164525, 0.0029091655742377043, 0.9840644866228103, 0.9892107220522552, 0.9986838817596435, 0.9892518147699044, 0.9948788532049124, 0.992049704980993
r2_unet,39091265,0.6608627545833587,0.08763012886047364,0.20627338614172433,0.9977841091156006,0.9820868209993086,0.9915086680468821,0.9867668613182168
stand_alone_self_attention,4669245,0.0027121186821023003,0.9853949579596519,0.9898664975313539,0.9987931156158447,0.9902354890575742,0.9952096454360424,0.9927109851946101
adr_unet,44001652,0.660680887401104,0.08763012886047364,0.20613711996966555,0.9981430816650391,0.9831463756733307,0.993935533711905,0.9884221515383393
smaat_unet,4031909,0.0013007031276356428,0.9929970183968544,0.9951595715248089,0.9994268035888672,0.9953664879851464,0.9976893244001289,0.9965243433881618
