Model,Dataset,Iou,Dice,Accuracy,Precision,F1_score
unet,7765409,0.9163844418684808,0.16651058299198965,0.962656430555897,0.962656430555897,0.9156784646754024
atten_gate,19164525,0.9081010910513452,0.9106469535613598,0.9668138378842717,0.9668138378842717,0.9065025784376578
unet_resnet,4940017,0.9295890427482352,0.932900581134115,0.9801177489401303,0.9801177489401303,0.9298416639843043
adr_unet,44001652,0.8117545779561526,0.12139630606312829,0.9981494649726275,0.9981494649726275,0.786921010372887
smaat_unet,4031909,0.8910066481853203,0.8825672884337746,0.9600903541141305,0.9600903541141305,0.8871721358180934
unet++,9162753,0.8966223419865427,0.14852048929158795,0.9298436351808796,0.9298436351808796,0.8938688360849142
